<?xml version="1.0" encoding="utf-8"?>
<cruise xmlns:xsi="http://www.w3.org/2001/XMLSchema-instance" xsi:noNamespaceSchemaLocation="cruise-config.xsd" schemaVersion="136">
<!--
This xml configuration allows recovering from a cold fresh installation
Copy the roles under security after setting up github-oauth
-->
<!-- <security> -->
<admins>
    <user>piotr-ged</user>
    <user>lee-whittingham1</user>
    <user>marcin-natanek</user>
    <user>Ajeetkumar-Biswas</user>
    <user>satish-ganesan</user>
    <user>hamid-ali1</user>
    <user>ANDY-SHACKLADY</user>
</admins>  
<roles>
    <role name="admin">
        <users>
            <user>marcin-natanek</user>
            <user>piotr-ged</user>
            <user>ANDY-SHACKLADY</user>
            <user>lee-whittingham1</user>
            <user>satish-ganesan</user>
        </users>
        <policy>
            <allow action="administer" type="*">*</allow>
        </policy>
    </role>
</roles>
<!-- <security> -->

