<?xml version="1.0" encoding="utf-8"?>
<cruise xmlns:xsi="http://www.w3.org/2001/XMLSchema-instance" xsi:noNamespaceSchemaLocation="cruise-config.xsd" schemaVersion="136">
<!--
This xml configuration allows recovering from a cold fresh installation
Copy the roles under security after setting up github-oauth
-->
<!-- <security> -->
<admins>
    <user>piotr-ged</user>
    <user>lee-whittingham1</user>
    <user>marcin-natanek</user>
    <user>Ajeetkumar-Biswas</user>
    <user>satish-ganesan</user>
    <user>hamid-ali1</user>
    <user>ANDY-SHACKLADY</user>
</admins>  
<roles>
    <role name="admin">
        <users>
            <user>marcin-natanek</user>
            <user>piotr-ged</user>
            <user>ANDY-SHACKLADY</user>
            <user>lee-whittingham1</user>
            <user>satish-ganesan</user>
        </users>
        <policy>
            <allow action="administer" type="*">*</allow>
        </policy>
    </role>
    <pluginRole name="PlatformEngineer" authConfigId="github-oauth" >
        <policy>
            <allow action="view" type="*">*</allow>
        </policy>
        <property>
            <key>Organizations</key>
            <value>VFGroup-CloudAnalytics</value>
        </property>
        <property>
            <key>Teams</key>
            <value>VFGroup-CloudAnalytics:group-devops</value>
        </property>
        <property>
            <key>Users</key>
            <value />
        </property>
    </pluginRole>
    <pluginRole name="GoCDAdmin" authConfigId="github-oauth">
        <policy>
            <allow action="administer" type="*">*</allow>
        </policy>
        <property>
            <key>Organizations</key>
            <value />
        </property>
        <property>
            <key>Teams</key>
            <value>VFGroup-CloudAnalytics:group-zeta-gocd-admin</value>
        </property>
        <property>
            <key>Users</key>
            <value />
        </property>
    </pluginRole>
    <pluginRole name="gocd-zeta-deploy-puz" authConfigId="github-oauth">
        <policy>
            <allow action="view" type="*">Neuron-Zeta-Puzzle</allow>
        </policy>
        <property>
            <key>Organizations</key>
            <value />
        </property>
        <property>
            <key>Teams</key>
            <value>VFGroup-CloudAnalytics:gocd-zeta-deploy-puz</value>
        </property>
        <property>
            <key>Users</key>
            <value />
        </property>
    </pluginRole>
    <pluginRole name="gocd-zeta-deploy-es" authConfigId="github-oauth">
        <policy>
            <allow action="view" type="*">Neuron-Zeta-Spain</allow>
        </policy>
        <property>
            <key>Organizations</key>
            <value />
        </property>
        <property>
            <key>Teams</key>
            <value>VFGroup-CloudAnalytics:gocd-zeta-deploy-es</value>
        </property>
        <property>
            <key>Users</key>
            <value />
        </property>
    </pluginRole>
    <pluginRole name="gocd-zeta-deploy-mz" authConfigId="github-oauth">
        <policy>
            <allow action="view" type="*">Neuron-Zeta-Mozambique</allow>
        </policy>
        <property>
            <key>Organizations</key>
            <value />
        </property>
        <property>
            <key>Teams</key>
            <value>VFGroup-CloudAnalytics:gocd-zeta-deploy-mz</value>
        </property>
        <property>
            <key>Users</key>
            <value />
        </property>
        </pluginRole>
    <pluginRole name="gocd-zeta-deploy-mc2" authConfigId="github-oauth">
        <policy>
            <allow action="view" type="*">Neuron-Zeta-MC2</allow>
        </policy>
        <property>
            <key>Organizations</key>
            <value />
        </property>
        <property>
            <key>Teams</key>
            <value>VFGroup-CloudAnalytics:gocd-zeta-deploy-mc2</value>
        </property>
        <property>
            <key>Users</key>
            <value />
        </property>
    </pluginRole>
    <pluginRole name="gocd-zeta-deploy-nwp" authConfigId="github-oauth">
        <policy>
            <allow action="view" type="*">Neuron-Zeta-Nwp</allow>
        </policy>
        <property>
            <key>Organizations</key>
            <value />
        </property>
        <property>
            <key>Teams</key>
            <value>VFGroup-CloudAnalytics:gocd-zeta-deploy-nwp</value>
        </property>
        <property>
            <key>Users</key>
            <value />
        </property>
    </pluginRole>
    <pluginRole name="gocd-zeta-deploy-csg" authConfigId="github-oauth">
        <policy>
            <allow action="view" type="*">Neuron-Zeta-Csg</allow>
        </policy>
        <property>
            <key>Organizations</key>
            <value />
        </property>
        <property>
            <key>Teams</key>
            <value>VFGroup-CloudAnalytics:gocd-zeta-deploy-csg</value>
        </property>
        <property>
            <key>Users</key>
            <value />
        </property>
    </pluginRole>
    <pluginRole name="gocd-zeta-deploy-de" authConfigId="github-oauth">
        <policy>
            <allow action="view" type="*">Neuron-Zeta-Germany</allow>
        </policy>
        <property>
            <key>Organizations</key>
            <value />
        </property>
        <property>
            <key>Teams</key>
            <value>VFGroup-CloudAnalytics:gocd-zeta-deploy-de</value>
        </property>
        <property>
            <key>Users</key>
            <value />
        </property>
    </pluginRole>
    <pluginRole name="gocd-zeta-deploy-gned" authConfigId="github-oauth">
        <policy>
            <allow action="view" type="*">Neuron-Zeta-Gned</allow>
        </policy>
        <property>
            <key>Organizations</key>
            <value />
        </property>
        <property>
            <key>Teams</key>
            <value>VFGroup-CloudAnalytics:gocd-zeta-deploy-gned</value>
        </property>
        <property>
            <key>Users</key>
            <value />
        </property>
    </pluginRole>
    <pluginRole name="gocd-zeta-deploy-gr" authConfigId="github-oauth">
        <policy>
            <allow action="view" type="*">Neuron-Zeta-Greece</allow>
        </policy>
        <property>
            <key>Organizations</key>
            <value />
        </property>
        <property>
            <key>Teams</key>
            <value>VFGroup-CloudAnalytics:gocd-zeta-deploy-gr</value>
        </property>
        <property>
            <key>Users</key>
            <value />
        </property>
    </pluginRole>
    <pluginRole name="gocd-zeta-deploy-grp" authConfigId="github-oauth">
        <policy>
            <allow action="view" type="*">Neuron-Zeta-Group</allow>
        </policy>
        <property>
            <key>Organizations</key>
            <value />
        </property>
        <property>
            <key>Teams</key>
            <value>VFGroup-CloudAnalytics:gocd-zeta-deploy-grp</value>
        </property>
        <property>
            <key>Users</key>
            <value />
        </property>
    </pluginRole>
    <pluginRole name="gocd-zeta-deploy-it" authConfigId="github-oauth">
        <policy>
            <allow action="view" type="*">Neuron-Zeta-Italy</allow>
        </policy>
        <property>
            <key>Organizations</key>
            <value />
        </property>
        <property>
            <key>Teams</key>
            <value>VFGroup-CloudAnalytics:gocd-zeta-deploy-it</value>
        </property>
        <property>
            <key>Users</key>
            <value />
        </property>
    </pluginRole>
    <pluginRole name="gocd-zeta-deploy-hu" authConfigId="github-oauth">
        <policy>
            <allow action="view" type="*">Neuron-Zeta-Hungary</allow>
        </policy>
        <property>
            <key>Organizations</key>
            <value />
        </property>
        <property>
            <key>Teams</key>
            <value>VFGroup-CloudAnalytics:gocd-zeta-deploy-hu</value>
        </property>
        <property>
            <key>Users</key>
            <value />
        </property>
    </pluginRole>
    <pluginRole name="gocd-zeta-deploy-pt" authConfigId="github-oauth">
        <policy>
            <allow action="view" type="*">Neuron-Zeta-Portugal</allow>
        </policy>
        <property>
            <key>Organizations</key>
            <value />
        </property>
        <property>
            <key>Teams</key>
            <value>VFGroup-CloudAnalytics:gocd-zeta-deploy-pt</value>
        </property>
        <property>
            <key>Users</key>
            <value />
        </property>
    </pluginRole>
    <pluginRole name="gocd-zeta-deploy-ro" authConfigId="github-oauth">
        <policy>
            <allow action="view" type="*">Neuron-Zeta-Romania</allow>
        </policy>
        <property>
            <key>Organizations</key>
            <value />
        </property>
        <property>
            <key>Teams</key>
            <value>VFGroup-CloudAnalytics:gocd-zeta-deploy-ro</value>
        </property>
        <property>
            <key>Users</key>
            <value />
        </property>
    </pluginRole>
    <pluginRole name="gocd-zeta-deploy-sky" authConfigId="github-oauth">
        <policy>
            <allow action="view" type="*">Neuron-Zeta-Skylon</allow>
        </policy>
        <property>
            <key>Organizations</key>
            <value />
        </property>
        <property>
            <key>Teams</key>
            <value>VFGroup-CloudAnalytics:gocd-zeta-deploy-sky</value>
        </property>
        <property>
            <key>Users</key>
            <value />
        </property>
    </pluginRole>
    <pluginRole name="gocd-zeta-deploy-vrs" authConfigId="github-oauth">
        <policy>
            <allow action="view" type="*">Neuron-Zeta-VRS</allow>
        </policy>
        <property>
            <key>Organizations</key>
            <value />
        </property>
        <property>
            <key>Teams</key>
            <value>VFGroup-CloudAnalytics:gocd-zeta-deploy-vrs</value>
        </property>
        <property>
            <key>Users</key>
            <value />
        </property>
        </pluginRole>
        <pluginRole name="gocd-zeta-deploy-cip" authConfigId="github-oauth">
        <property>
            <key>Organizations</key>
            <value />
        </property>
        <property>
            <key>Teams</key>
            <value>VFGroup-CloudAnalytics:gocd-zeta-deploy-cip</value>
        </property>
        <property>
            <key>Users</key>
            <value />
        </property>
    </pluginRole>
    <pluginRole name="gocd-zeta-deploy-ie" authConfigId="github-oauth">
        <property>
            <key>Organizations</key>
            <value />
        </property>
        <property>
            <key>Teams</key>
            <value>VFGroup-CloudAnalytics:gocd-zeta-deploy-ie</value>
        </property>
        <property>
            <key>Users</key>
            <value />
        </property>
        </pluginRole>
        <pluginRole name="gocd-zeta-deploy-vault" authConfigId="github-oauth">
        <property>
            <key>Organizations</key>
            <value />
        </property>
        <property>
            <key>Teams</key>
            <value>VFGroup-CloudAnalytics:gocd-zeta-deploy-vault</value>
        </property>
        <property>
            <key>Users</key>
            <value />
        </property>
        </pluginRole>
        <pluginRole name="gocd-zeta-deploy-gitops" authConfigId="github-oauth">
        <property>
            <key>Organizations</key>
            <value />
        </property>
        <property>
            <key>Teams</key>
            <value>VFGroup-CloudAnalytics:gocd-zeta-deploy-gitops</value>
        </property>
        <property>
            <key>Users</key>
            <value />
        </property>
    </pluginRole>
    <pluginRole name="gocd-zeta-deploy-tosca" authConfigId="github-oauth">
        <property>
            <key>Organizations</key>
            <value />
        </property>
        <property>
            <key>Teams</key>
            <value>VFGroup-CloudAnalytics:gocd-zeta-deploy-tosca</value>
        </property>
        <property>
            <key>Users</key>
            <value />
        </property>
        </pluginRole>
        <pluginRole name="gocd-zeta-deploy-wfm" authConfigId="github-oauth">
        <property>
            <key>Organizations</key>
            <value />
        </property>
        <property>
            <key>Teams</key>
            <value>VFGroup-CloudAnalytics:gocd-zeta-deploy-wfm</value>
        </property>
        <property>
            <key>Users</key>
            <value />
        </property>
    </pluginRole>
    <pluginRole name="gocd-zeta-deploy-hu-compute" authConfigId="github-oauth">
        <policy>
            <allow action="view" type="*">Nucleus-Zeta-Hungary</allow>
        </policy>
        <property>
            <key>Organizations</key>
        </property>
        <property>
            <key>Teams</key>
            <value>VFGroup-CloudAnalytics:gocd-zeta-deploy-hu-compute</value>
        </property>
        <property>
            <key>Users</key>
        </property>
    </pluginRole>
</roles>
<!-- <security> -->

