{
    "storage_nonlive": {
        "roles":[],
        "serviceAccounts": []
    },
    "storage_live": {
        "roles":[],
        "serviceAccounts": []
    },
    "compute_nonlive": {
        "roles": [
            "roles/dataproc.worker",
            "roles/bigquery.user",
            "roles/bigquery.dataEditor",
            "roles/pubsub.viewer",
            "roles/pubsub.publisher",
            "roles/datafusion.runner"],
        "serviceAccounts": [
            "mc2cp-preprod-dp-ops-sa",
            "mc2cp-qa-dp-ds-sa",
            "mc2cp-dev-dp-ds-sa",
            "mc2et-dev-dp-ds-sa",
            "mc2et-preprod-dp-ops-sa",
            "mc2et-qa-dp-ds-sa"]
    },
    "compute_live": {
        "roles": [
            "roles/dataproc.worker",
            "roles/bigquery.user",
            "roles/bigquery.dataEditor",
            "roles/pubsub.viewer",
            "roles/pubsub.publisher",
            "roles/datafusion.runner"],
        "serviceAccounts": [
            "mc2cp-proda-dp-ops-sa",
            "mc2cp-prodb-dp-ds-sa",
            "mc2et-proda-dp-ops-sa",
            "mc2et-prodb-dp-ds-sa"]
    }
}
