{
    "label": "Default_Neuron_Profile",
    "description": "Default Neuron profile to run data fusion pipelines",
    "scope": "USER",
    "status": "ENABLED",
    "provisioner": {
      "name": "gcp-dataproc",
      "properties": [
        {
          "name": "accountKey",
          "value": "${secure(neuron-gcp-key)}",
          "isEditable": false
        },
        {
          "name": "region",
          "value": "location",
          "isEditable": false
        },
        {
          "name": "zone",
          "value": "",
          "isEditable": false
        },
        {
          "name": "network",
          "value": "VPC",
          "isEditable": false
        },
        {
          "name": "networkHostProjectId",
          "value": "",
          "isEditable": false
        },
        {
          "name": "subnet",
          "value": "subnetwork",
          "isEditable": false
        },
        {
          "name": "imageVersion",
          "value": "2.0.0-ubuntu18",
          "isEditable": false
        },
        {
          "name": "serviceAccount",
          "value": "SA",
          "isEditable": false
        },
        {
          "name": "preferExternalIP",
          "value": "false",
          "isEditable": false
        },
        {
          "name": "stackdriverLoggingEnabled",
          "value": "true",
          "isEditable": false
        },
        {
          "name": "stackdriverMonitoringEnabled",
          "value": "true",
          "isEditable": false
        },
        {
          "name": "gcsBucket",
          "value": "",
          "isEditable": false
        },
        {
          "name": "encryptionKeyName",
          "value": "",
          "isEditable": false
        },
        {
          "name": "masterNumNodes",
          "value": "1",
          "isEditable": true
        },
        {
          "name": "masterCPUs",
          "value": "4",
          "isEditable": true
        },
        {
          "name": "masterMemoryMB",
          "value": "8192",
          "isEditable": true
        },
        {
          "name": "masterDiskGB",
          "value": "1000",
          "isEditable": true
        },
        {
          "name": "workerNumNodes",
          "value": "4",
          "isEditable": true
        },
        {
          "name": "workerCPUs",
          "value": "4",
          "isEditable": true
        },
        {
          "name": "workerMemoryMB",
          "value": "8192",
          "isEditable": true
        },
        {
          "name": "workerDiskGB",
          "value": "1000",
          "isEditable": true
        },
        {
          "name": "pollCreateDelay",
          "value": "60",
          "isEditable": true
        },
        {
          "name": "pollCreateJitter",
          "value": "20",
          "isEditable": true
        },
        {
          "name": "pollDeleteDelay",
          "value": "30",
          "isEditable": true
        },
        {
          "name": "pollInterval",
          "value": "2",
          "isEditable": true
        },
        {
          "name":"networkTags",
          "value":"${network_tags}",
          "isEditable":true
        },
        {
          "name": "initActions",
          "value": "",
          "isEditable": true
        },
        {
          "name": "autoScalingPolicy",
          "value": "low_policy",
          "isEditable": true
        }
      ]
    },
    "created": 1590165463
  }