{
    "extends": "all",
    "rules": {
      "basic.DeadCode": "error",
      "convention.CompileStatic": {
        "severity": "info"
      },
      "convention.FieldTypeRequired": "info",
      "convention.IfStatementCouldBeTernary": "info",
      "convention.NoDef": "info",
      "convention.VariableTypeRequired": "info",
      "convention.TrailingComma": "error",

      "dry.DuplicateListLiteral": "info",
      "dry.DuplicateMapLiteral": "warning",
      "dry.DuplicateNumberLiteral": {
        "ignoreNumbers": [0, 1, 2, 3, -1],
        "severity": "info"
      },
      "dry.DuplicateStringLiteral": "info",
      "exceptions.ThrowException": "info",
      "exceptions.ThrowNullPointerException": "info",
      "exceptions.ThrowRuntimeException": "info",
      "exceptions.ThrowThrowable": "info",
      "formatting.BracesForClass": "info",
      "formatting.BracesForForLoop": "info",
      "formatting.BracesForIfElse": "info",
      "formatting.BracesForMethod": "info",
      "formatting.BracesForTryCatchFinally": "info",
      "formatting.Indentation": {
        "spacesPerIndentLevel": 4,
        "severity": "error"
      },
      "formatting.LineLength": {
        "length": 500,
        "severity": "error"
      },
      "formatting.SpaceAroundMapEntryColon": "off",
      "formatting.SpaceAfterComma": "error",
      "formatting.SpaceAfterOpeningBrace": "error",
      "formatting.SpaceAfterMethodCallName": "error",
      "formatting.SpaceAfterClosingBrace" : "error",
      "formatting.SpaceInsideParentheses" : "error",
      "groovyism.ExplicitCallToEqualsMethod": "info",
      "logging.Println": "off",
      "unused.UnusedArray": "error",
      "unused.UnusedObject": "error",
      "unused.UnusedPrivateField": "error",
      "unused.UnusedPrivateMethod": "error",
      "unused.UnusedPrivateMethodParameter": "error",
      "unused.UnusedVariable": "error",
      "unnecessary.UnnecessaryReturnKeyword": "off"
    }
  }